date,store,item,sales
2024-11-01,S1,I1,58
2024-11-02,S1,I1,89
2024-11-03,S1,I1,81
2024-11-04,S1,I1,61
2024-11-05,S1,I1,72
2024-11-06,S1,I1,67
2024-11-07,S1,I1,32
2024-11-08,S1,I1,45
2024-11-09,S1,I1,77
2024-11-10,S1,I1,97
2024-11-11,S1,I1,25
2024-11-12,S1,I1,55
2024-11-13,S1,I1,64
2024-11-14,S1,I1,25
2024-11-15,S1,I1,33
2024-11-16,S1,I1,91
2024-11-17,S1,I1,90
2024-11-18,S1,I1,73
2024-11-19,S1,I1,75
2024-11-20,S1,I1,32
2024-11-21,S1,I1,33
2024-11-22,S1,I1,40
2024-11-23,S1,I1,90
2024-11-24,S1,I1,77
2024-11-25,S1,I1,57
2024-11-26,S1,I1,95
2024-11-27,S1,I1,102
2024-11-28,S1,I1,38
2024-11-29,S1,I1,47
2024-11-30,S1,I1,54
2024-12-01,S1,I1,66
2024-12-02,S1,I1,54
2024-12-03,S1,I1,50
2024-12-04,S1,I1,72
2024-12-05,S1,I1,64
2024-12-06,S1,I1,40
2024-12-07,S1,I1,59
2024-12-08,S1,I1,55
2024-12-09,S1,I1,21
2024-12-10,S1,I1,82
2024-12-11,S1,I1,76
2024-12-12,S1,I1,62
2024-12-13,S1,I1,51
2024-12-14,S1,I1,87
2024-12-15,S1,I1,54
2024-12-16,S1,I1,69
2024-12-17,S1,I1,56
2024-12-18,S1,I1,53
2024-12-19,S1,I1,34
2024-12-20,S1,I1,46
2024-12-21,S1,I1,55
2024-12-22,S1,I1,79
2024-12-23,S1,I1,49
2024-12-24,S1,I1,59
2024-12-25,S1,I1,57
2024-12-26,S1,I1,46
2024-12-27,S1,I1,24
2024-12-28,S1,I1,65
2024-12-29,S1,I1,47
2024-12-30,S1,I1,70
2024-12-31,S1,I1,83
2025-01-01,S1,I1,84
2025-01-02,S1,I1,50
2025-01-03,S1,I1,35
2025-01-04,S1,I1,70
2025-01-05,S1,I1,57
2025-01-06,S1,I1,29
2025-01-07,S1,I1,40
2025-01-08,S1,I1,56
2025-01-09,S1,I1,31
2025-01-10,S1,I1,39
2025-01-11,S1,I1,78
2025-01-12,S1,I1,64
2025-01-13,S1,I1,45
2025-01-14,S1,I1,65
2025-01-15,S1,I1,67
2025-01-16,S1,I1,27
2025-01-17,S1,I1,51
2025-01-18,S1,I1,106
2025-01-19,S1,I1,52
2025-01-20,S1,I1,39
2025-01-21,S1,I1,74
2025-01-22,S1,I1,51
2025-01-23,S1,I1,50
2025-01-24,S1,I1,60
2025-01-25,S1,I1,56
2025-01-26,S1,I1,64
2025-01-27,S1,I1,28
2025-01-28,S1,I1,85
2025-01-29,S1,I1,76
2025-01-30,S1,I1,43
2025-01-31,S1,I1,39
2025-02-01,S1,I1,72
2025-02-02,S1,I1,82
2025-02-03,S1,I1,40
2025-02-04,S1,I1,56
2025-02-05,S1,I1,48
2025-02-06,S1,I1,50
2025-02-07,S1,I1,44
2025-02-08,S1,I1,74
2025-02-09,S1,I1,47
2025-02-10,S1,I1,39
2025-02-11,S1,I1,56
2025-02-12,S1,I1,34
2025-02-13,S1,I1,38
2025-02-14,S1,I1,63
2025-02-15,S1,I1,60
2025-02-16,S1,I1,78
2025-02-17,S1,I1,50
2025-02-18,S1,I1,62
2025-02-19,S1,I1,50
2025-02-20,S1,I1,28
2025-02-21,S1,I1,61
2025-02-22,S1,I1,62
2025-02-23,S1,I1,50
2025-02-24,S1,I1,42
2025-02-25,S1,I1,73
2025-02-26,S1,I1,47
2025-02-27,S1,I1,21
2025-02-28,S1,I1,43
2025-03-01,S1,I1,47
2025-03-02,S1,I1,77
2025-03-03,S1,I1,40
2025-03-04,S1,I1,43
2025-03-05,S1,I1,41
2025-03-06,S1,I1,46
2025-03-07,S1,I1,42
2025-03-08,S1,I1,55
2025-03-09,S1,I1,75
2025-03-10,S1,I1,60
2025-03-11,S1,I1,95
2025-03-12,S1,I1,99
2025-03-13,S1,I1,67
2025-03-14,S1,I1,51
2025-03-15,S1,I1,46
2025-03-16,S1,I1,64
2025-03-17,S1,I1,57
2025-03-18,S1,I1,95
2025-03-19,S1,I1,57
2025-03-20,S1,I1,32
2025-03-21,S1,I1,37
2025-03-22,S1,I1,45
2025-03-23,S1,I1,59
2025-03-24,S1,I1,47
2025-03-25,S1,I1,56
2025-03-26,S1,I1,53
2025-03-27,S1,I1,35
2025-03-28,S1,I1,40
2025-03-29,S1,I1,85
2025-03-30,S1,I1,124
2025-03-31,S1,I1,39
2025-04-01,S1,I1,73
2025-04-02,S1,I1,55
2025-04-03,S1,I1,48
2025-04-04,S1,I1,36
2025-04-05,S1,I1,63
2025-04-06,S1,I1,53
2025-04-07,S1,I1,57
2025-04-08,S1,I1,55
2025-04-09,S1,I1,47
2025-04-10,S1,I1,25
2025-04-11,S1,I1,26
2025-04-12,S1,I1,63
2025-04-13,S1,I1,58
2025-04-14,S1,I1,39
2025-04-15,S1,I1,50
2025-04-16,S1,I1,49
2025-04-17,S1,I1,56
2025-04-18,S1,I1,70
2025-04-19,S1,I1,60
2025-04-20,S1,I1,68
2025-04-21,S1,I1,31
2025-04-22,S1,I1,88
2025-04-23,S1,I1,59
2025-04-24,S1,I1,32
2025-04-25,S1,I1,15
2025-04-26,S1,I1,70
2025-04-27,S1,I1,63
2025-04-28,S1,I1,31
2025-04-29,S1,I1,40
2025-04-30,S1,I1,39
2025-05-01,S1,I1,72
2025-05-02,S1,I1,47
2025-05-03,S1,I1,67
2025-05-04,S1,I1,80
2025-05-05,S1,I1,44
2025-05-06,S1,I1,45
2025-05-07,S1,I1,96
2025-05-08,S1,I1,51
2025-05-09,S1,I1,50
2025-05-10,S1,I1,110
2025-05-11,S1,I1,61
2025-05-12,S1,I1,39
2025-05-13,S1,I1,62
2025-05-14,S1,I1,78
2025-05-15,S1,I1,35
2025-05-16,S1,I1,32
2025-05-17,S1,I1,68
2025-05-18,S1,I1,105
2025-05-19,S1,I1,39
2025-05-20,S1,I1,45
2025-05-21,S1,I1,40
2025-05-22,S1,I1,32
2025-05-23,S1,I1,44
2025-05-24,S1,I1,124
2025-05-25,S1,I1,57
2025-05-26,S1,I1,57
2025-05-27,S1,I1,89
2025-05-28,S1,I1,56
2025-05-29,S1,I1,47
2025-05-30,S1,I1,54
2025-05-31,S1,I1,67
2025-06-01,S1,I1,45
2025-06-02,S1,I1,61
2025-06-03,S1,I1,39
2025-06-04,S1,I1,60
2025-06-05,S1,I1,35
2025-06-06,S1,I1,37
2025-06-07,S1,I1,69
2025-06-08,S1,I1,62
2025-06-09,S1,I1,48
2025-06-10,S1,I1,55
2025-06-11,S1,I1,33
2025-06-12,S1,I1,18
2025-06-13,S1,I1,42
2025-06-14,S1,I1,111
2025-06-15,S1,I1,56
2025-06-16,S1,I1,63
2025-06-17,S1,I1,57
2025-06-18,S1,I1,91
2025-06-19,S1,I1,45
2025-06-20,S1,I1,62
2025-06-21,S1,I1,90
2025-06-22,S1,I1,78
2025-06-23,S1,I1,64
2025-06-24,S1,I1,54
2025-06-25,S1,I1,56
2025-06-26,S1,I1,52
2025-06-27,S1,I1,55
2025-06-28,S1,I1,70
2025-06-29,S1,I1,48
2025-06-30,S1,I1,47
2025-07-01,S1,I1,35
2025-07-02,S1,I1,34
2025-07-03,S1,I1,39
2025-07-04,S1,I1,55
2025-07-05,S1,I1,60
2025-07-06,S1,I1,73
2025-07-07,S1,I1,45
2025-07-08,S1,I1,73
2025-07-09,S1,I1,50
2025-07-10,S1,I1,25
2025-07-11,S1,I1,56
2025-07-12,S1,I1,77
2025-07-13,S1,I1,62
2025-07-14,S1,I1,56
2025-07-15,S1,I1,55
2025-07-16,S1,I1,49
2025-07-17,S1,I1,23
2025-07-18,S1,I1,75
2025-07-19,S1,I1,50
2025-07-20,S1,I1,90
2025-07-21,S1,I1,53
2025-07-22,S1,I1,52
2025-07-23,S1,I1,44
2025-07-24,S1,I1,46
2025-07-25,S1,I1,44
2025-07-26,S1,I1,42
2025-07-27,S1,I1,73
2025-07-28,S1,I1,80
2025-07-29,S1,I1,56
2025-07-30,S1,I1,65
2025-07-31,S1,I1,48
2025-08-01,S1,I1,37
2025-08-02,S1,I1,67
2025-08-03,S1,I1,65
2025-08-04,S1,I1,64
2025-08-05,S1,I1,34
2025-08-06,S1,I1,27
2025-08-07,S1,I1,59
2025-08-08,S1,I1,37
2025-08-09,S1,I1,89
2025-08-10,S1,I1,91
2025-08-11,S1,I1,32
2025-08-12,S1,I1,52
2025-08-13,S1,I1,70
2025-08-14,S1,I1,38
2025-08-15,S1,I1,91
2025-08-16,S1,I1,107
2025-08-17,S1,I1,62
2025-08-18,S1,I1,50
2025-08-19,S1,I1,66
2025-08-20,S1,I1,33
2025-08-21,S1,I1,22
2025-08-22,S1,I1,38
2025-08-23,S1,I1,114
2025-08-24,S1,I1,61
2025-08-25,S1,I1,51
2025-08-26,S1,I1,41
2025-08-27,S1,I1,42
2025-08-28,S1,I1,36
2025-08-29,S1,I1,45
2025-08-30,S1,I1,65
2025-08-31,S1,I1,69
2025-09-01,S1,I1,43
2025-09-02,S1,I1,72
2025-09-03,S1,I1,71
2025-09-04,S1,I1,61
2025-09-05,S1,I1,48
2025-09-06,S1,I1,75
2025-09-07,S1,I1,91
2025-09-08,S1,I1,46
2025-09-09,S1,I1,62
2025-09-10,S1,I1,58
2025-09-11,S1,I1,40
2025-09-12,S1,I1,42
2025-09-13,S1,I1,95
2025-09-14,S1,I1,77
2025-09-15,S1,I1,60
2025-09-16,S1,I1,49
2025-09-17,S1,I1,121
2025-09-18,S1,I1,45
2025-09-19,S1,I1,48
2025-09-20,S1,I1,142
2025-09-21,S1,I1,74
2025-09-22,S1,I1,87
2025-09-23,S1,I1,119
2025-09-24,S1,I1,61
2025-09-25,S1,I1,49
2025-09-26,S1,I1,40
2025-09-27,S1,I1,71
2025-09-28,S1,I1,47
2025-09-29,S1,I1,43
2025-09-30,S1,I1,50
2025-10-01,S1,I1,35
2025-10-02,S1,I1,43
2025-10-03,S1,I1,42
2025-10-04,S1,I1,68
2025-10-05,S1,I1,83
2025-10-06,S1,I1,59
2025-10-07,S1,I1,52
2025-10-08,S1,I1,82
2025-10-09,S1,I1,41
2025-10-10,S1,I1,37
2025-10-11,S1,I1,79
2025-10-12,S1,I1,67
2025-10-13,S1,I1,43
2025-10-14,S1,I1,99
2025-10-15,S1,I1,57
2025-10-16,S1,I1,48
2025-10-17,S1,I1,46
2025-10-18,S1,I1,70
2025-10-19,S1,I1,117
2025-10-20,S1,I1,58
2025-10-21,S1,I1,101
2025-10-22,S1,I1,87
2025-10-23,S1,I1,43
2025-10-24,S1,I1,41
2025-10-25,S1,I1,74
2025-10-26,S1,I1,76
2025-10-27,S1,I1,26
2025-10-28,S1,I1,72
2025-10-29,S1,I1,47
2025-10-30,S1,I1,53
2025-10-31,S1,I1,82
2025-11-01,S1,I1,60
2025-11-02,S1,I1,64
2025-11-03,S1,I1,54
2025-11-04,S1,I1,59
2025-11-05,S1,I1,68
2025-11-06,S1,I1,29
2025-11-07,S1,I1,61
2025-11-08,S1,I1,61
2025-11-09,S1,I1,66
2025-11-10,S1,I1,71
2025-11-11,S1,I1,52
2025-11-12,S1,I1,68
2025-11-13,S1,I1,51
2025-11-14,S1,I1,57
2025-11-15,S1,I1,81
2025-11-16,S1,I1,80
2025-11-17,S1,I1,57
2025-11-18,S1,I1,44
2025-11-19,S1,I1,65
2025-11-20,S1,I1,78
2025-11-21,S1,I1,51
2025-11-22,S1,I1,60
2025-11-23,S1,I1,55
2025-11-24,S1,I1,52
2025-11-25,S1,I1,60
2025-11-26,S1,I1,65
2025-11-27,S1,I1,37
2025-11-28,S1,I1,75
2025-11-29,S1,I1,55
2025-11-30,S1,I1,65
2025-12-01,S1,I1,46
2025-12-02,S1,I1,61
2025-12-03,S1,I1,46
2025-12-04,S1,I1,52
2025-12-05,S1,I1,49
2025-12-06,S1,I1,83
2025-12-07,S1,I1,61
2025-12-08,S1,I1,72
2025-12-09,S1,I1,95
2025-12-10,S1,I1,139
2025-12-11,S1,I1,50
2025-12-12,S1,I1,33
2025-12-13,S1,I1,70
2025-12-14,S1,I1,86
2025-12-15,S1,I1,45
2025-12-16,S1,I1,62
2025-12-17,S1,I1,95
2025-12-18,S1,I1,32
2025-12-19,S1,I1,27
2025-12-20,S1,I1,82
2025-12-21,S1,I1,106
2025-12-22,S1,I1,51
2025-12-23,S1,I1,52
2025-12-24,S1,I1,100
2025-12-25,S1,I1,63
2025-12-26,S1,I1,37
2025-12-27,S1,I1,61
2025-12-28,S1,I1,66
2025-12-29,S1,I1,69
2025-12-30,S1,I1,66
2025-12-31,S1,I1,92
2024-11-01,S1,I2,75
2024-11-02,S1,I2,112
2024-11-03,S1,I2,67
2024-11-04,S1,I2,73
2024-11-05,S1,I2,75
2024-11-06,S1,I2,78
2024-11-07,S1,I2,87
2024-11-08,S1,I2,60
2024-11-09,S1,I2,128
2024-11-10,S1,I2,72
2024-11-11,S1,I2,106
2024-11-12,S1,I2,67
2024-11-13,S1,I2,119
2024-11-14,S1,I2,72
2024-11-15,S1,I2,48
2024-11-16,S1,I2,75
2024-11-17,S1,I2,111
2024-11-18,S1,I2,80
2024-11-19,S1,I2,99
2024-11-20,S1,I2,183
2024-11-21,S1,I2,124
2024-11-22,S1,I2,118
2024-11-23,S1,I2,183
2024-11-24,S1,I2,91
2024-11-25,S1,I2,119
2024-11-26,S1,I2,92
2024-11-27,S1,I2,99
2024-11-28,S1,I2,89
2024-11-29,S1,I2,92
2024-11-30,S1,I2,129
2024-12-01,S1,I2,93
2024-12-02,S1,I2,58
2024-12-03,S1,I2,52
2024-12-04,S1,I2,80
2024-12-05,S1,I2,62
2024-12-06,S1,I2,94
2024-12-07,S1,I2,155
2024-12-08,S1,I2,81
2024-12-09,S1,I2,102
2024-12-10,S1,I2,53
2024-12-11,S1,I2,65
2024-12-12,S1,I2,120
2024-12-13,S1,I2,66
2024-12-14,S1,I2,121
2024-12-15,S1,I2,146
2024-12-16,S1,I2,68
2024-12-17,S1,I2,66
2024-12-18,S1,I2,52
2024-12-19,S1,I2,74
2024-12-20,S1,I2,80
2024-12-21,S1,I2,80
2024-12-22,S1,I2,109
2024-12-23,S1,I2,105
2024-12-24,S1,I2,112
2024-12-25,S1,I2,110
2024-12-26,S1,I2,107
2024-12-27,S1,I2,105
2024-12-28,S1,I2,100
2024-12-29,S1,I2,106
2024-12-30,S1,I2,57
2024-12-31,S1,I2,112
2025-01-01,S1,I2,164
2025-01-02,S1,I2,79
2025-01-03,S1,I2,119
2025-01-04,S1,I2,138
2025-01-05,S1,I2,104
2025-01-06,S1,I2,88
2025-01-07,S1,I2,72
2025-01-08,S1,I2,113
2025-01-09,S1,I2,117
2025-01-10,S1,I2,90
2025-01-11,S1,I2,210
2025-01-12,S1,I2,221
2025-01-13,S1,I2,116
2025-01-14,S1,I2,128
2025-01-15,S1,I2,125
2025-01-16,S1,I2,89
2025-01-17,S1,I2,58
2025-01-18,S1,I2,75
2025-01-19,S1,I2,139
2025-01-20,S1,I2,61
2025-01-21,S1,I2,90
2025-01-22,S1,I2,83
2025-01-23,S1,I2,79
2025-01-24,S1,I2,90
2025-01-25,S1,I2,79
2025-01-26,S1,I2,110
2025-01-27,S1,I2,66
2025-01-28,S1,I2,59
2025-01-29,S1,I2,127
2025-01-30,S1,I2,82
2025-01-31,S1,I2,53
2025-02-01,S1,I2,148
2025-02-02,S1,I2,75
2025-02-03,S1,I2,56
2025-02-04,S1,I2,105
2025-02-05,S1,I2,131
2025-02-06,S1,I2,78
2025-02-07,S1,I2,47
2025-02-08,S1,I2,85
2025-02-09,S1,I2,106
2025-02-10,S1,I2,109
2025-02-11,S1,I2,100
2025-02-12,S1,I2,141
2025-02-13,S1,I2,120
2025-02-14,S1,I2,111
2025-02-15,S1,I2,125
2025-02-16,S1,I2,89
2025-02-17,S1,I2,95
2025-02-18,S1,I2,65
2025-02-19,S1,I2,141
2025-02-20,S1,I2,77
2025-02-21,S1,I2,78
2025-02-22,S1,I2,85
2025-02-23,S1,I2,75
2025-02-24,S1,I2,67
2025-02-25,S1,I2,70
2025-02-26,S1,I2,157
2025-02-27,S1,I2,71
2025-02-28,S1,I2,80
2025-03-01,S1,I2,110
2025-03-02,S1,I2,141
2025-03-03,S1,I2,70
2025-03-04,S1,I2,74
2025-03-05,S1,I2,66
2025-03-06,S1,I2,85
2025-03-07,S1,I2,58
2025-03-08,S1,I2,100
2025-03-09,S1,I2,91
2025-03-10,S1,I2,75
2025-03-11,S1,I2,77
2025-03-12,S1,I2,100
2025-03-13,S1,I2,95
2025-03-14,S1,I2,46
2025-03-15,S1,I2,99
2025-03-16,S1,I2,78
2025-03-17,S1,I2,128
2025-03-18,S1,I2,140
2025-03-19,S1,I2,261
2025-03-20,S1,I2,110
2025-03-21,S1,I2,103
2025-03-22,S1,I2,119
2025-03-23,S1,I2,91
2025-03-24,S1,I2,84
2025-03-25,S1,I2,49
2025-03-26,S1,I2,79
2025-03-27,S1,I2,84
2025-03-28,S1,I2,60
2025-03-29,S1,I2,102
2025-03-30,S1,I2,69
2025-03-31,S1,I2,82
2025-04-01,S1,I2,75
2025-04-02,S1,I2,93
2025-04-03,S1,I2,76
2025-04-04,S1,I2,42
2025-04-05,S1,I2,82
2025-04-06,S1,I2,59
2025-04-07,S1,I2,41
2025-04-08,S1,I2,81
2025-04-09,S1,I2,76
2025-04-10,S1,I2,85
2025-04-11,S1,I2,32
2025-04-12,S1,I2,87
2025-04-13,S1,I2,72
2025-04-14,S1,I2,50
2025-04-15,S1,I2,62
2025-04-16,S1,I2,69
2025-04-17,S1,I2,73
2025-04-18,S1,I2,67
2025-04-19,S1,I2,89
2025-04-20,S1,I2,97
2025-04-21,S1,I2,39
2025-04-22,S1,I2,57
2025-04-23,S1,I2,123
2025-04-24,S1,I2,61
2025-04-25,S1,I2,62
2025-04-26,S1,I2,48
2025-04-27,S1,I2,46
2025-04-28,S1,I2,70
2025-04-29,S1,I2,61
2025-04-30,S1,I2,102
2025-05-01,S1,I2,122
2025-05-02,S1,I2,77
2025-05-03,S1,I2,143
2025-05-04,S1,I2,93
2025-05-05,S1,I2,78
2025-05-06,S1,I2,83
2025-05-07,S1,I2,77
2025-05-08,S1,I2,64
2025-05-09,S1,I2,56
2025-05-10,S1,I2,73
2025-05-11,S1,I2,94
2025-05-12,S1,I2,31
2025-05-13,S1,I2,67
2025-05-14,S1,I2,120
2025-05-15,S1,I2,56
2025-05-16,S1,I2,73
2025-05-17,S1,I2,85
2025-05-18,S1,I2,95
2025-05-19,S1,I2,50
2025-05-20,S1,I2,65
2025-05-21,S1,I2,68
2025-05-22,S1,I2,55
2025-05-23,S1,I2,51
2025-05-24,S1,I2,72
2025-05-25,S1,I2,62
2025-05-26,S1,I2,70
2025-05-27,S1,I2,94
2025-05-28,S1,I2,56
2025-05-29,S1,I2,59
2025-05-30,S1,I2,42
2025-05-31,S1,I2,67
2025-06-01,S1,I2,68
2025-06-02,S1,I2,43
2025-06-03,S1,I2,63
2025-06-04,S1,I2,71
2025-06-05,S1,I2,65
2025-06-06,S1,I2,97
2025-06-07,S1,I2,33
2025-06-08,S1,I2,48
2025-06-09,S1,I2,48
2025-06-10,S1,I2,51
2025-06-11,S1,I2,61
2025-06-12,S1,I2,47
2025-06-13,S1,I2,65
2025-06-14,S1,I2,94
2025-06-15,S1,I2,99
2025-06-16,S1,I2,94
2025-06-17,S1,I2,54
2025-06-18,S1,I2,84
2025-06-19,S1,I2,54
2025-06-20,S1,I2,75
2025-06-21,S1,I2,69
2025-06-22,S1,I2,40
2025-06-23,S1,I2,46
2025-06-24,S1,I2,62
2025-06-25,S1,I2,80
2025-06-26,S1,I2,49
2025-06-27,S1,I2,29
2025-06-28,S1,I2,48
2025-06-29,S1,I2,57
2025-06-30,S1,I2,53
2025-07-01,S1,I2,73
2025-07-02,S1,I2,62
2025-07-03,S1,I2,32
2025-07-04,S1,I2,43
2025-07-05,S1,I2,50
2025-07-06,S1,I2,80
2025-07-07,S1,I2,36
2025-07-08,S1,I2,62
2025-07-09,S1,I2,86
2025-07-10,S1,I2,85
2025-07-11,S1,I2,47
2025-07-12,S1,I2,58
2025-07-13,S1,I2,69
2025-07-14,S1,I2,70
2025-07-15,S1,I2,41
2025-07-16,S1,I2,65
2025-07-17,S1,I2,47
2025-07-18,S1,I2,50
2025-07-19,S1,I2,69
2025-07-20,S1,I2,49
2025-07-21,S1,I2,48
2025-07-22,S1,I2,48
2025-07-23,S1,I2,71
2025-07-24,S1,I2,42
2025-07-25,S1,I2,74
2025-07-26,S1,I2,86
2025-07-27,S1,I2,64
2025-07-28,S1,I2,50
2025-07-29,S1,I2,85
2025-07-30,S1,I2,106
2025-07-31,S1,I2,99
2025-08-01,S1,I2,82
2025-08-02,S1,I2,65
2025-08-03,S1,I2,61
2025-08-04,S1,I2,67
2025-08-05,S1,I2,121
2025-08-06,S1,I2,81
2025-08-07,S1,I2,44
2025-08-08,S1,I2,35
2025-08-09,S1,I2,50
2025-08-10,S1,I2,69
2025-08-11,S1,I2,57
2025-08-12,S1,I2,49
2025-08-13,S1,I2,62
2025-08-14,S1,I2,53
2025-08-15,S1,I2,59
2025-08-16,S1,I2,75
2025-08-17,S1,I2,66
2025-08-18,S1,I2,66
2025-08-19,S1,I2,52
2025-08-20,S1,I2,83
2025-08-21,S1,I2,66
2025-08-22,S1,I2,59
2025-08-23,S1,I2,61
2025-08-24,S1,I2,70
2025-08-25,S1,I2,74
2025-08-26,S1,I2,89
2025-08-27,S1,I2,86
2025-08-28,S1,I2,33
2025-08-29,S1,I2,40
2025-08-30,S1,I2,58
2025-08-31,S1,I2,80
2025-09-01,S1,I2,60
2025-09-02,S1,I2,62
2025-09-03,S1,I2,109
2025-09-04,S1,I2,95
2025-09-05,S1,I2,72
2025-09-06,S1,I2,68
2025-09-07,S1,I2,69
2025-09-08,S1,I2,31
2025-09-09,S1,I2,90
2025-09-10,S1,I2,72
2025-09-11,S1,I2,51
2025-09-12,S1,I2,82
2025-09-13,S1,I2,92
2025-09-14,S1,I2,160
2025-09-15,S1,I2,100
2025-09-16,S1,I2,118
2025-09-17,S1,I2,64
2025-09-18,S1,I2,41
2025-09-19,S1,I2,63
2025-09-20,S1,I2,99
2025-09-21,S1,I2,82
2025-09-22,S1,I2,52
2025-09-23,S1,I2,63
2025-09-24,S1,I2,86
2025-09-25,S1,I2,71
2025-09-26,S1,I2,53
2025-09-27,S1,I2,83
2025-09-28,S1,I2,74
2025-09-29,S1,I2,36
2025-09-30,S1,I2,77
2025-10-01,S1,I2,83
2025-10-02,S1,I2,76
2025-10-03,S1,I2,63
2025-10-04,S1,I2,68
2025-10-05,S1,I2,60
2025-10-06,S1,I2,41
2025-10-07,S1,I2,59
2025-10-08,S1,I2,66
2025-10-09,S1,I2,58
2025-10-10,S1,I2,69
2025-10-11,S1,I2,113
2025-10-12,S1,I2,102
2025-10-13,S1,I2,42
2025-10-14,S1,I2,65
2025-10-15,S1,I2,72
2025-10-16,S1,I2,90
2025-10-17,S1,I2,60
2025-10-18,S1,I2,92
2025-10-19,S1,I2,44
2025-10-20,S1,I2,60
2025-10-21,S1,I2,51
2025-10-22,S1,I2,76
2025-10-23,S1,I2,104
2025-10-24,S1,I2,61
2025-10-25,S1,I2,87
2025-10-26,S1,I2,58
2025-10-27,S1,I2,62
2025-10-28,S1,I2,70
2025-10-29,S1,I2,153
2025-10-30,S1,I2,86
2025-10-31,S1,I2,100
2025-11-01,S1,I2,116
2025-11-02,S1,I2,71
2025-11-03,S1,I2,61
2025-11-04,S1,I2,64
2025-11-05,S1,I2,56
2025-11-06,S1,I2,83
2025-11-07,S1,I2,71
2025-11-08,S1,I2,137
2025-11-09,S1,I2,203
2025-11-10,S1,I2,100
2025-11-11,S1,I2,99
2025-11-12,S1,I2,182
2025-11-13,S1,I2,116
2025-11-14,S1,I2,95
2025-11-15,S1,I2,87
2025-11-16,S1,I2,58
2025-11-17,S1,I2,59
2025-11-18,S1,I2,64
2025-11-19,S1,I2,75
2025-11-20,S1,I2,77
2025-11-21,S1,I2,82
2025-11-22,S1,I2,87
2025-11-23,S1,I2,61
2025-11-24,S1,I2,55
2025-11-25,S1,I2,55
2025-11-26,S1,I2,66
2025-11-27,S1,I2,57
2025-11-28,S1,I2,65
2025-11-29,S1,I2,70
2025-11-30,S1,I2,95
2025-12-01,S1,I2,73
2025-12-02,S1,I2,115
2025-12-03,S1,I2,97
2025-12-04,S1,I2,93
2025-12-05,S1,I2,56
2025-12-06,S1,I2,66
2025-12-07,S1,I2,134
2025-12-08,S1,I2,73
2025-12-09,S1,I2,75
2025-12-10,S1,I2,135
2025-12-11,S1,I2,86
2025-12-12,S1,I2,60
2025-12-13,S1,I2,99
2025-12-14,S1,I2,65
2025-12-15,S1,I2,110
2025-12-16,S1,I2,132
2025-12-17,S1,I2,112
2025-12-18,S1,I2,114
2025-12-19,S1,I2,81
2025-12-20,S1,I2,148
2025-12-21,S1,I2,142
2025-12-22,S1,I2,55
2025-12-23,S1,I2,80
2025-12-24,S1,I2,141
2025-12-25,S1,I2,89
2025-12-26,S1,I2,64
2025-12-27,S1,I2,110
2025-12-28,S1,I2,63
2025-12-29,S1,I2,83
2025-12-30,S1,I2,73
2025-12-31,S1,I2,138
2024-11-01,S2,I3,40
2024-11-02,S2,I3,22
2024-11-03,S2,I3,21
2024-11-04,S2,I3,40
2024-11-05,S2,I3,47
2024-11-06,S2,I3,20
2024-11-07,S2,I3,35
2024-11-08,S2,I3,20
2024-11-09,S2,I3,28
2024-11-10,S2,I3,33
2024-11-11,S2,I3,36
2024-11-12,S2,I3,29
2024-11-13,S2,I3,25
2024-11-14,S2,I3,32
2024-11-15,S2,I3,47
2024-11-16,S2,I3,34
2024-11-17,S2,I3,38
2024-11-18,S2,I3,25
2024-11-19,S2,I3,19
2024-11-20,S2,I3,13
2024-11-21,S2,I3,35
2024-11-22,S2,I3,32
2024-11-23,S2,I3,40
2024-11-24,S2,I3,25
2024-11-25,S2,I3,36
2024-11-26,S2,I3,38
2024-11-27,S2,I3,30
2024-11-28,S2,I3,41
2024-11-29,S2,I3,26
2024-11-30,S2,I3,26
2024-12-01,S2,I3,39
2024-12-02,S2,I3,35
2024-12-03,S2,I3,33
2024-12-04,S2,I3,23
2024-12-05,S2,I3,30
2024-12-06,S2,I3,50
2024-12-07,S2,I3,30
2024-12-08,S2,I3,41
2024-12-09,S2,I3,26
2024-12-10,S2,I3,30
2024-12-11,S2,I3,20
2024-12-12,S2,I3,22
2024-12-13,S2,I3,51
2024-12-14,S2,I3,58
2024-12-15,S2,I3,76
2024-12-16,S2,I3,38
2024-12-17,S2,I3,38
2024-12-18,S2,I3,27
2024-12-19,S2,I3,31
2024-12-20,S2,I3,25
2024-12-21,S2,I3,26
2024-12-22,S2,I3,35
2024-12-23,S2,I3,19
2024-12-24,S2,I3,61
2024-12-25,S2,I3,18
2024-12-26,S2,I3,37
2024-12-27,S2,I3,37
2024-12-28,S2,I3,37
2024-12-29,S2,I3,49
2024-12-30,S2,I3,41
2024-12-31,S2,I3,60
2025-01-01,S2,I3,48
2025-01-02,S2,I3,35
2025-01-03,S2,I3,42
2025-01-04,S2,I3,39
2025-01-05,S2,I3,34
2025-01-06,S2,I3,36
2025-01-07,S2,I3,17
2025-01-08,S2,I3,20
2025-01-09,S2,I3,24
2025-01-10,S2,I3,31
2025-01-11,S2,I3,27
2025-01-12,S2,I3,42
2025-01-13,S2,I3,38
2025-01-14,S2,I3,27
2025-01-15,S2,I3,25
2025-01-16,S2,I3,46
2025-01-17,S2,I3,46
2025-01-18,S2,I3,27
2025-01-19,S2,I3,31
2025-01-20,S2,I3,24
2025-01-21,S2,I3,19
2025-01-22,S2,I3,25
2025-01-23,S2,I3,37
2025-01-24,S2,I3,46
2025-01-25,S2,I3,36
2025-01-26,S2,I3,30
2025-01-27,S2,I3,36
2025-01-28,S2,I3,43
2025-01-29,S2,I3,28
2025-01-30,S2,I3,47
2025-01-31,S2,I3,39
2025-02-01,S2,I3,30
2025-02-02,S2,I3,28
2025-02-03,S2,I3,20
2025-02-04,S2,I3,37
2025-02-05,S2,I3,26
2025-02-06,S2,I3,40
2025-02-07,S2,I3,57
2025-02-08,S2,I3,31
2025-02-09,S2,I3,29
2025-02-10,S2,I3,24
2025-02-11,S2,I3,24
2025-02-12,S2,I3,30
2025-02-13,S2,I3,47
2025-02-14,S2,I3,56
2025-02-15,S2,I3,31
2025-02-16,S2,I3,25
2025-02-17,S2,I3,26
2025-02-18,S2,I3,21
2025-02-19,S2,I3,20
2025-02-20,S2,I3,21
2025-02-21,S2,I3,43
2025-02-22,S2,I3,51
2025-02-23,S2,I3,23
2025-02-24,S2,I3,30
2025-02-25,S2,I3,24
2025-02-26,S2,I3,21
2025-02-27,S2,I3,37
2025-02-28,S2,I3,43
2025-03-01,S2,I3,24
2025-03-02,S2,I3,33
2025-03-03,S2,I3,34
2025-03-04,S2,I3,30
2025-03-05,S2,I3,23
2025-03-06,S2,I3,38
2025-03-07,S2,I3,15
2025-03-08,S2,I3,51
2025-03-09,S2,I3,26
2025-03-10,S2,I3,37
2025-03-11,S2,I3,24
2025-03-12,S2,I3,33
2025-03-13,S2,I3,66
2025-03-14,S2,I3,38
2025-03-15,S2,I3,30
2025-03-16,S2,I3,18
2025-03-17,S2,I3,18
2025-03-18,S2,I3,19
2025-03-19,S2,I3,26
2025-03-20,S2,I3,18
2025-03-21,S2,I3,38
2025-03-22,S2,I3,23
2025-03-23,S2,I3,39
2025-03-24,S2,I3,17
2025-03-25,S2,I3,28
2025-03-26,S2,I3,21
2025-03-27,S2,I3,15
2025-03-28,S2,I3,28
2025-03-29,S2,I3,43
2025-03-30,S2,I3,18
2025-03-31,S2,I3,16
2025-04-01,S2,I3,39
2025-04-02,S2,I3,15
2025-04-03,S2,I3,44
2025-04-04,S2,I3,28
2025-04-05,S2,I3,34
2025-04-06,S2,I3,40
2025-04-07,S2,I3,23
2025-04-08,S2,I3,32
2025-04-09,S2,I3,15
2025-04-10,S2,I3,24
2025-04-11,S2,I3,30
2025-04-12,S2,I3,15
2025-04-13,S2,I3,33
2025-04-14,S2,I3,27
2025-04-15,S2,I3,37
2025-04-16,S2,I3,28
2025-04-17,S2,I3,41
2025-04-18,S2,I3,34
2025-04-19,S2,I3,27
2025-04-20,S2,I3,36
2025-04-21,S2,I3,29
2025-04-22,S2,I3,27
2025-04-23,S2,I3,19
2025-04-24,S2,I3,26
2025-04-25,S2,I3,40
2025-04-26,S2,I3,26
2025-04-27,S2,I3,62
2025-04-28,S2,I3,34
2025-04-29,S2,I3,46
2025-04-30,S2,I3,44
2025-05-01,S2,I3,41
2025-05-02,S2,I3,44
2025-05-03,S2,I3,16
2025-05-04,S2,I3,27
2025-05-05,S2,I3,15
2025-05-06,S2,I3,26
2025-05-07,S2,I3,12
2025-05-08,S2,I3,18
2025-05-09,S2,I3,17
2025-05-10,S2,I3,17
2025-05-11,S2,I3,51
2025-05-12,S2,I3,27
2025-05-13,S2,I3,22
2025-05-14,S2,I3,17
2025-05-15,S2,I3,35
2025-05-16,S2,I3,45
2025-05-17,S2,I3,15
2025-05-18,S2,I3,36
2025-05-19,S2,I3,22
2025-05-20,S2,I3,27
2025-05-21,S2,I3,11
2025-05-22,S2,I3,36
2025-05-23,S2,I3,32
2025-05-24,S2,I3,34
2025-05-25,S2,I3,35
2025-05-26,S2,I3,22
2025-05-27,S2,I3,24
2025-05-28,S2,I3,23
2025-05-29,S2,I3,18
2025-05-30,S2,I3,24
2025-05-31,S2,I3,36
2025-06-01,S2,I3,25
2025-06-02,S2,I3,25
2025-06-03,S2,I3,25
2025-06-04,S2,I3,21
2025-06-05,S2,I3,27
2025-06-06,S2,I3,33
2025-06-07,S2,I3,28
2025-06-08,S2,I3,30
2025-06-09,S2,I3,26
2025-06-10,S2,I3,14
2025-06-11,S2,I3,39
2025-06-12,S2,I3,33
2025-06-13,S2,I3,30
2025-06-14,S2,I3,39
2025-06-15,S2,I3,39
2025-06-16,S2,I3,35
2025-06-17,S2,I3,29
2025-06-18,S2,I3,13
2025-06-19,S2,I3,26
2025-06-20,S2,I3,31
2025-06-21,S2,I3,37
2025-06-22,S2,I3,61
2025-06-23,S2,I3,41
2025-06-24,S2,I3,21
2025-06-25,S2,I3,14
2025-06-26,S2,I3,31
2025-06-27,S2,I3,22
2025-06-28,S2,I3,31
2025-06-29,S2,I3,35
2025-06-30,S2,I3,28
2025-07-01,S2,I3,27
2025-07-02,S2,I3,32
2025-07-03,S2,I3,26
2025-07-04,S2,I3,22
2025-07-05,S2,I3,38
2025-07-06,S2,I3,38
2025-07-07,S2,I3,15
2025-07-08,S2,I3,18
2025-07-09,S2,I3,12
2025-07-10,S2,I3,25
2025-07-11,S2,I3,14
2025-07-12,S2,I3,16
2025-07-13,S2,I3,36
2025-07-14,S2,I3,21
2025-07-15,S2,I3,38
2025-07-16,S2,I3,14
2025-07-17,S2,I3,21
2025-07-18,S2,I3,47
2025-07-19,S2,I3,12
2025-07-20,S2,I3,35
2025-07-21,S2,I3,24
2025-07-22,S2,I3,29
2025-07-23,S2,I3,22
2025-07-24,S2,I3,27
2025-07-25,S2,I3,24
2025-07-26,S2,I3,10
2025-07-27,S2,I3,24
2025-07-28,S2,I3,29
2025-07-29,S2,I3,24
2025-07-30,S2,I3,18
2025-07-31,S2,I3,35
2025-08-01,S2,I3,34
2025-08-02,S2,I3,42
2025-08-03,S2,I3,33
2025-08-04,S2,I3,12
2025-08-05,S2,I3,25
2025-08-06,S2,I3,13
2025-08-07,S2,I3,24
2025-08-08,S2,I3,35
2025-08-09,S2,I3,26
2025-08-10,S2,I3,68
2025-08-11,S2,I3,19
2025-08-12,S2,I3,33
2025-08-13,S2,I3,30
2025-08-14,S2,I3,30
2025-08-15,S2,I3,57
2025-08-16,S2,I3,52
2025-08-17,S2,I3,48
2025-08-18,S2,I3,34
2025-08-19,S2,I3,21
2025-08-20,S2,I3,25
2025-08-21,S2,I3,46
2025-08-22,S2,I3,32
2025-08-23,S2,I3,19
2025-08-24,S2,I3,38
2025-08-25,S2,I3,20
2025-08-26,S2,I3,27
2025-08-27,S2,I3,15
2025-08-28,S2,I3,22
2025-08-29,S2,I3,37
2025-08-30,S2,I3,44
2025-08-31,S2,I3,28
2025-09-01,S2,I3,28
2025-09-02,S2,I3,31
2025-09-03,S2,I3,31
2025-09-04,S2,I3,18
2025-09-05,S2,I3,26
2025-09-06,S2,I3,43
2025-09-07,S2,I3,34
2025-09-08,S2,I3,18
2025-09-09,S2,I3,32
2025-09-10,S2,I3,22
2025-09-11,S2,I3,31
2025-09-12,S2,I3,26
2025-09-13,S2,I3,25
2025-09-14,S2,I3,31
2025-09-15,S2,I3,12
2025-09-16,S2,I3,28
2025-09-17,S2,I3,19
2025-09-18,S2,I3,42
2025-09-19,S2,I3,45
2025-09-20,S2,I3,30
2025-09-21,S2,I3,31
2025-09-22,S2,I3,17
2025-09-23,S2,I3,32
2025-09-24,S2,I3,30
2025-09-25,S2,I3,31
2025-09-26,S2,I3,33
2025-09-27,S2,I3,29
2025-09-28,S2,I3,67
2025-09-29,S2,I3,40
2025-09-30,S2,I3,40
2025-10-01,S2,I3,37
2025-10-02,S2,I3,25
2025-10-03,S2,I3,51
2025-10-04,S2,I3,34
2025-10-05,S2,I3,47
2025-10-06,S2,I3,12
2025-10-07,S2,I3,32
2025-10-08,S2,I3,17
2025-10-09,S2,I3,38
2025-10-10,S2,I3,36
2025-10-11,S2,I3,42
2025-10-12,S2,I3,53
2025-10-13,S2,I3,17
2025-10-14,S2,I3,37
2025-10-15,S2,I3,46
2025-10-16,S2,I3,33
2025-10-17,S2,I3,22
2025-10-18,S2,I3,41
2025-10-19,S2,I3,38
2025-10-20,S2,I3,15
2025-10-21,S2,I3,39
2025-10-22,S2,I3,19
2025-10-23,S2,I3,26
2025-10-24,S2,I3,31
2025-10-25,S2,I3,37
2025-10-26,S2,I3,38
2025-10-27,S2,I3,25
2025-10-28,S2,I3,34
2025-10-29,S2,I3,25
2025-10-30,S2,I3,30
2025-10-31,S2,I3,51
2025-11-01,S2,I3,25
2025-11-02,S2,I3,33
2025-11-03,S2,I3,41
2025-11-04,S2,I3,28
2025-11-05,S2,I3,29
2025-11-06,S2,I3,44
2025-11-07,S2,I3,38
2025-11-08,S2,I3,29
2025-11-09,S2,I3,33
2025-11-10,S2,I3,27
2025-11-11,S2,I3,30
2025-11-12,S2,I3,27
2025-11-13,S2,I3,28
2025-11-14,S2,I3,31
2025-11-15,S2,I3,45
2025-11-16,S2,I3,28
2025-11-17,S2,I3,32
2025-11-18,S2,I3,25
2025-11-19,S2,I3,37
2025-11-20,S2,I3,26
2025-11-21,S2,I3,60
2025-11-22,S2,I3,44
2025-11-23,S2,I3,67
2025-11-24,S2,I3,20
2025-11-25,S2,I3,27
2025-11-26,S2,I3,28
2025-11-27,S2,I3,28
2025-11-28,S2,I3,49
2025-11-29,S2,I3,68
2025-11-30,S2,I3,35
2025-12-01,S2,I3,40
2025-12-02,S2,I3,32
2025-12-03,S2,I3,27
2025-12-04,S2,I3,21
2025-12-05,S2,I3,18
2025-12-06,S2,I3,36
2025-12-07,S2,I3,36
2025-12-08,S2,I3,18
2025-12-09,S2,I3,23
2025-12-10,S2,I3,30
2025-12-11,S2,I3,26
2025-12-12,S2,I3,21
2025-12-13,S2,I3,39
2025-12-14,S2,I3,54
2025-12-15,S2,I3,25
2025-12-16,S2,I3,19
2025-12-17,S2,I3,6
2025-12-18,S2,I3,30
2025-12-19,S2,I3,20
2025-12-20,S2,I3,40
2025-12-21,S2,I3,31
2025-12-22,S2,I3,34
2025-12-23,S2,I3,42
2025-12-24,S2,I3,54
2025-12-25,S2,I3,47
2025-12-26,S2,I3,29
2025-12-27,S2,I3,46
2025-12-28,S2,I3,37
2025-12-29,S2,I3,22
2025-12-30,S2,I3,19
2025-12-31,S2,I3,32
